<manifest xmlns="http://www.imsproject.org/xsd/imscp_rootv1p1p2" xmlns:adlcp="http://www.adlnet.org/xsd/adlcp_rootv1p2" xmlns:xsi="http://www.w3.org/2001/XMLSchema-instance" version="1" xsi:schemaLocation="http://www.imsproject.org/xsd/imscp_rootv1p1p2 imscp_rootv1p1p2.xsd http://www.imsglobal.org/xsd/imsmd_rootv1p2p1 imsmd_rootv1p2p1.xsd http://www.adlnet.org/xsd/adlcp_rootv1p2 adlcp_rootv1p2.xsd" identifier="com.edapp.65c38c455f24ee83f282e944">
  <metadata>
    <schema>ADL SCORM</schema>
    <schemaversion>1.2</schemaversion>
  </metadata>
  <organizations default="ed_app">
    <organization identifier="ed_app">
      <title>Lär dig appen</title>
      <item identifier="item_1" identifierref="resource_1" isvisible="true">
        <title>Lär dig appen</title>
      </item>
    </organization>
  </organizations>
  <resources>
    <resource identifier="resource_1" type="webcontent" adlcp:scormtype="sco" href="index.html">
      <file href="fit_content_assets/0001-2309638431224297451_zxhnu3.png"/>
      <file href="fit_content_assets/CH_logga_rundad_2014-03-14_efcpah.jpg"/>
      <file href="fit_content_assets/0001-8097890163448410764_yczyum.png"/>
      <file href="fit_content_assets/0001-8303929846277061596_y096eq.png"/>
      <file href="fit_content_assets/Skarmklipp_cwbkpv.jpg"/>
      <file href="adlcp_rootv1p2.xsd"/>
      <file href="ims_xml.xsd"/>
      <file href="imscp_rootv1p1p2.xsd"/>
      <file href="imsmd_rootv1p2p1.xsd"/>
      <file href="app.151f559bee47fa18.js"/>
      <file href="app.151f559bee47fa18.js.map"/>
      <file href="app.a035b0d23ffa8485.js"/>
      <file href="app.a035b0d23ffa8485.js.map"/>
      <file href="app.cc0d588970e1f88e.css"/>
      <file href="app.cc0d588970e1f88e.css.map"/>
      <file href="assets/NotoSans-Italic.f322611529c721d3.woff"/>
      <file href="assets/NotoSans-Regular.d443fda2a79a3b67.woff"/>
      <file href="assets/NotoSans-SemiBold.53a4b677893d7a69.woff"/>
      <file href="assets/expand-icon.48a012d165f293b4.png"/>
      <file href="assets/icons.44f5cb81fb0dba41.woff"/>
      <file href="assets/loader.7afc5dbc230dd2de.gif"/>
      <file href="assets/rotate-device.6f802beb1090241b.png"/>
      <file href="audio/achievement.mp3"/>
      <file href="audio/correct.mp3"/>
      <file href="audio/game-music-slow.mp3"/>
      <file href="audio/go.mp3"/>
      <file href="audio/incorrect.mp3"/>
      <file href="audio/new-star.mp3"/>
      <file href="audio/ready.mp3"/>
      <file href="audio/spin-fail.mp3"/>
      <file href="audio/spin-stop.mp3"/>
      <file href="audio/spin-success.mp3"/>
      <file href="audio/spin-win.mp3"/>
      <file href="audio/spinning.mp3"/>
      <file href="audio/tally-score.mp3"/>
      <file href="audio/welcome.mp3"/>
      <file href="img/examples/flow-1.png"/>
      <file href="img/examples/flow-2.png"/>
      <file href="img/examples/parallax-1.png"/>
      <file href="img/examples/parallax-2.png"/>
      <file href="img/examples/parallax-3.png"/>
      <file href="img/examples/product-1-xl.png"/>
      <file href="img/examples/product-1.png"/>
      <file href="img/examples/product-2.png"/>
      <file href="img/examples/product-3.png"/>
      <file href="img/examples/product-laptop.png"/>
      <file href="img/examples/product-phone.png"/>
      <file href="img/examples/product-tablet.png"/>
      <file href="img/expand-browser.png"/>
      <file href="img/expand-icon.png"/>
      <file href="img/rotate-device.png"/>
      <file href="img/templates/loader-light.gif"/>
      <file href="img/templates/loader.gif"/>
      <file href="img/templates/star-default.png"/>
      <file href="img/templates/star-earned.png"/>
      <file href="img/templates/star-light.png"/>
      <file href="img/video/empty.png"/>
      <file href="index.html"/>
      <file href="modules.a5b0990ec50f29b5.css"/>
      <file href="modules.a5b0990ec50f29b5.css.map"/>
      <file href="modules.c527deae24721deb.js"/>
      <file href="modules.c527deae24721deb.js.map"/>
      <file href="player.html"/>
      <file href="runtime.260600e30413539d.js"/>
      <file href="runtime.2e6a8c05f94b3083.js"/>
      <file href="vendors.f55a2edeb8ef92d0.js"/>
      <file href="vendors.f55a2edeb8ef92d0.js.map"/>
      <file href="video/example.mp4"/>
      <file href="config.json"/>
    </resource>
  </resources>
</manifest>
