<manifest xmlns="http://www.imsproject.org/xsd/imscp_rootv1p1p2" xmlns:adlcp="http://www.adlnet.org/xsd/adlcp_rootv1p2" xmlns:xsi="http://www.w3.org/2001/XMLSchema-instance" version="1" xsi:schemaLocation="http://www.imsproject.org/xsd/imscp_rootv1p1p2 imscp_rootv1p1p2.xsd http://www.imsglobal.org/xsd/imsmd_rootv1p2p1 imsmd_rootv1p2p1.xsd http://www.adlnet.org/xsd/adlcp_rootv1p2 adlcp_rootv1p2.xsd" identifier="com.edapp.65d1fd4ebc7f96ee047084a8">
  <metadata>
    <schema>ADL SCORM</schema>
    <schemaversion>1.2</schemaversion>
  </metadata>
  <organizations default="ed_app">
    <organization identifier="ed_app">
      <title>För att du ska trivas </title>
      <item identifier="item_1" identifierref="resource_1" isvisible="true">
        <title>För att du ska trivas </title>
      </item>
    </organization>
  </organizations>
  <resources>
    <resource identifier="resource_1" type="webcontent" adlcp:scormtype="sco" href="index.html">
      <file href="fit_content_assets/0001-407994839950324976_dkoqdb.png"/>
      <file href="fit_content_assets/Logotyp_Agoge_2_schcrc.png"/>
      <file href="fit_content_assets/CH_Industry_Kap_2_gilq93.png"/>
      <file href="fit_content_assets/0001-1600322842611040570_aqqrzb_uh9uow.png"/>
      <file href="fit_content_assets/Trivsel_CH_Industry_1_zdtuvm.png"/>
      <file href="fit_content_assets/0001-5239231656734687688_szegds.png"/>
      <file href="fit_content_assets/0001-3559388994721301089_miu9bq.png"/>
      <file href="fit_content_assets/0001-8212733307265719216_mlxsj1.png"/>
      <file href="fit_content_assets/0001-9142726630829541841_mrzxxm.png"/>
      <file href="fit_content_assets/0001-8225118812651531058_piad61.png"/>
      <file href="fit_content_assets/0001-1443823068631392720_okte4e_ilhpwl.png"/>
      <file href="fit_content_assets/0001-99498579098824405_p5cih3_xwtm5p.png"/>
      <file href="fit_content_assets/0001-3673104882926435158_uzi4wb_bwnqz6.png"/>
      <file href="fit_content_assets/0001-1443823068128734552_esipoz.png"/>
      <file href="fit_content_assets/sjukdom_CH_atgj7f.png"/>
      <file href="fit_content_assets/0001-4104324548416729250_o0ms3q.png"/>
      <file href="fit_content_assets/0001-3721518581265700856_xs6jmx_pobm0j.png"/>
      <file href="fit_content_assets/0001-8212733311198640244_uhuqs8_kfbu12.png"/>
      <file href="fit_content_assets/Namnlos_design_24_evt9fs.png"/>
      <file href="fit_content_assets/Namnlos_design_25_cbmh1v.png"/>
      <file href="fit_content_assets/0001-5239231659376425689_itkuvh.png"/>
      <file href="adlcp_rootv1p2.xsd"/>
      <file href="ims_xml.xsd"/>
      <file href="imscp_rootv1p1p2.xsd"/>
      <file href="imsmd_rootv1p2p1.xsd"/>
      <file href="app.b1943c37bb4b5c6d.js"/>
      <file href="app.b1943c37bb4b5c6d.js.map"/>
      <file href="app.cc0d588970e1f88e.css"/>
      <file href="app.cc0d588970e1f88e.css.map"/>
      <file href="assets/NotoSans-Italic.f322611529c721d3.woff"/>
      <file href="assets/NotoSans-Regular.d443fda2a79a3b67.woff"/>
      <file href="assets/NotoSans-SemiBold.53a4b677893d7a69.woff"/>
      <file href="assets/expand-icon.48a012d165f293b4.png"/>
      <file href="assets/icons.44f5cb81fb0dba41.woff"/>
      <file href="assets/loader.7afc5dbc230dd2de.gif"/>
      <file href="assets/rotate-device.6f802beb1090241b.png"/>
      <file href="audio/achievement.mp3"/>
      <file href="audio/correct.mp3"/>
      <file href="audio/game-music-slow.mp3"/>
      <file href="audio/go.mp3"/>
      <file href="audio/incorrect.mp3"/>
      <file href="audio/new-star.mp3"/>
      <file href="audio/ready.mp3"/>
      <file href="audio/spin-fail.mp3"/>
      <file href="audio/spin-stop.mp3"/>
      <file href="audio/spin-success.mp3"/>
      <file href="audio/spin-win.mp3"/>
      <file href="audio/spinning.mp3"/>
      <file href="audio/tally-score.mp3"/>
      <file href="audio/welcome.mp3"/>
      <file href="img/examples/flow-1.png"/>
      <file href="img/examples/flow-2.png"/>
      <file href="img/examples/parallax-1.png"/>
      <file href="img/examples/parallax-2.png"/>
      <file href="img/examples/parallax-3.png"/>
      <file href="img/examples/product-1-xl.png"/>
      <file href="img/examples/product-1.png"/>
      <file href="img/examples/product-2.png"/>
      <file href="img/examples/product-3.png"/>
      <file href="img/examples/product-laptop.png"/>
      <file href="img/examples/product-phone.png"/>
      <file href="img/examples/product-tablet.png"/>
      <file href="img/expand-browser.png"/>
      <file href="img/expand-icon.png"/>
      <file href="img/rotate-device.png"/>
      <file href="img/templates/loader-light.gif"/>
      <file href="img/templates/loader.gif"/>
      <file href="img/templates/star-default.png"/>
      <file href="img/templates/star-earned.png"/>
      <file href="img/templates/star-light.png"/>
      <file href="img/video/empty.png"/>
      <file href="index.html"/>
      <file href="modules.a5b0990ec50f29b5.css"/>
      <file href="modules.a5b0990ec50f29b5.css.map"/>
      <file href="modules.c527deae24721deb.js"/>
      <file href="modules.c527deae24721deb.js.map"/>
      <file href="player.html"/>
      <file href="runtime.5172fd6030e517c6.js"/>
      <file href="vendors.f55a2edeb8ef92d0.js"/>
      <file href="vendors.f55a2edeb8ef92d0.js.map"/>
      <file href="video/example.mp4"/>
      <file href="config.json"/>
    </resource>
  </resources>
</manifest>
